"priority","key","english","thai_draft","corrected_thai","notes"
"P0","toast.freeze-used","Streak Freeze used — your {n}-day streak is safe","ใช้น้ำแข็งกันหลุดแล้ว — สถิติ {n} วันของคุณยังอยู่","",""
"P0","notify.streak.title","Don't lose your {n}-day streak!","อย่าให้สถิติ {n} วันหลุดนะ!","",""
"P0","notify.streak.body","{remaining} words keep it alive — a quick Word Quest does it.","อีก {remaining} คำ การเรียนต่อเนื่องก็ไม่ขาด — เล่นภารกิจคำศัพท์สั้น ๆ ก็พอ","",""
"P0","notify.comeback.title","Your lucky cat misses you 🐱","เจ้าแมวนำโชคคิดถึงคุณนะ 🐱","",""
"P0","notify.comeback.body","You were on a {n}-day roll — jump back in and get it going again!","คุณเรียนต่อเนื่องมาตั้ง {n} วัน — กลับมาลุยต่อกันเลย!","",""
"P0","account.row","Account","บัญชี","",""
"P0","account.title","Account","บัญชี","",""
"P0","account.status.local","On this device","อยู่บนเครื่องนี้","",""
"P0","account.status.guest","Guest account","บัญชีผู้เยี่ยมชม","",""
"P0","account.status.signedIn","Signed in as {email}","เข้าสู่ระบบเป็น {email}","",""
"P0","account.explain.offline","Cloud accounts need an internet connection — your progress is safe on this device.","บัญชีคลาวด์ต้องใช้อินเทอร์เน็ต — ความคืบหน้าของคุณยังปลอดภัยบนเครื่องนี้","",""
"P0","account.explain.local","Your progress lives on this device. Connect to back it up to the cloud.","ความคืบหน้าของคุณอยู่บนเครื่องนี้ เชื่อมต่อเพื่อสำรองข้อมูลบนคลาวด์","",""
"P0","account.explain.guest","Connected as a guest. Add your email so your account isn't lost with this device.","เชื่อมต่อแบบผู้เยี่ยมชมแล้ว เพิ่มอีเมลเพื่อไม่ให้บัญชีหายไปพร้อมเครื่อง","",""
"P0","account.explain.signedIn","Your account is linked. Your progress backs up to the cloud automatically.","บัญชีของคุณเชื่อมต่อแล้ว ความคืบหน้าจะสำรองขึ้นคลาวด์ให้อัตโนมัติ","",""
"P0","account.connect","Back up my progress","สำรองความคืบหน้าของฉัน","",""
"P0","account.stepEmail","1 of 2 · Add your email","1 จาก 2 · เพิ่มอีเมล","",""
"P0","account.stepVerify","2 of 2 · Verification","2 จาก 2 · ยืนยันตัวตน","",""
"P0","account.codeFor","Enter the code sent to {email}.","กรอกรหัสที่ส่งไปยัง {email}","",""
"P0","account.sendCode","Send code","ส่งรหัส","",""
"P0","account.verify","Verify","ยืนยัน","",""
"P0","account.resend","Resend code","ส่งรหัสอีกครั้ง","",""
"P0","account.resendWait","Resend in {s}s","ส่งใหม่ได้ใน {s} วิ","",""
"P0","account.signOut","Sign out","ออกจากระบบ","",""
"P0","account.delete","Delete account","ลบบัญชี","",""
"P0","account.deleteConfirm","Permanently erase your cloud data? Signing out instead keeps it.","ลบข้อมูลบนคลาวด์อย่างถาวรหรือไม่? การออกจากระบบจะเก็บข้อมูลไว้","",""
"P0","account.deleteConfirmYes","Delete permanently","ลบถาวร","",""
"P0","account.deleteCancel","Cancel","ยกเลิก","",""
"P0","account.deleteDone","Cloud account deleted","ลบบัญชีคลาวด์แล้ว","",""
"P0","account.deleteFail","Couldn't delete — try again","ลบไม่สำเร็จ — ลองอีกครั้ง","",""
"P0","account.emailPh","your@email.com","your@email.com","",""
"P0","account.codePh","code from the email","รหัสจากอีเมล","",""
"P0","account.codeSent","Code sent — check your email","ส่งรหัสแล้ว — เช็กอีเมลของคุณ","",""
"P0","account.changeEmail","Use a different email","ใช้อีเมลอื่น","",""
"P0","account.signedIn","Signed in!","เข้าสู่ระบบแล้ว!","",""
"P0","account.signedOut","Signed out","ออกจากระบบแล้ว","",""
"P0","account.err.offline","No internet connection","ไม่มีการเชื่อมต่ออินเทอร์เน็ต","",""
"P0","account.err.network","Couldn't reach the cloud — try again","ติดต่อคลาวด์ไม่ได้ — ลองอีกครั้ง","",""
"P0","account.err.badEmail","That email doesn't look right","อีเมลนี้ดูไม่ถูกต้อง","",""
"P0","account.err.badCode","Wrong or expired code — try again","รหัสผิดหรือหมดอายุ — ลองอีกครั้ง","",""
"P0","account.lastSynced","Last synced {when}","ซิงค์ล่าสุด {when}","",""
"P0","account.neverSynced","Not synced yet","ยังไม่ได้ซิงค์","",""
"P0","account.restored","Progress restored ✓","กู้คืนความคืบหน้าแล้ว ✓","",""
"P0","account.benefit.safe","Keeps your streak, coins and mastery backed up","สำรองสถิติ เหรียญ และคำที่เชี่ยวชาญของคุณไว้ให้","",""
"P0","account.benefit.devices","Works on phone and computer — pick up where you left off","ใช้ได้ทั้งมือถือและคอมพิวเตอร์ — เล่นต่อจากที่ค้างไว้","",""
"P0","account.benefit.free","Free — no password, just an email later if you want","ฟรี — ไม่ต้องตั้งรหัสผ่าน แค่อีเมลทีหลังถ้าต้องการ","",""
"P0","streak.restUsed","🍵 Rest day used — your {n}-day streak is safe.","🍵 ใช้วันพักแล้ว — สถิติ {n} วันของคุณยังอยู่","",""
"P0","shop.getCoins","Get Coins","เติมเหรียญ","",""
"P0","shop.supporterTitle","Supporter","ผู้สนับสนุน","",""
"P0","shop.supporterDesc","Remove ads forever · +2,000 coins · Supporter badge","ปิดโฆษณาถาวร · รับ 2,000 เหรียญ · แบดจ์ผู้สนับสนุน","",""
"P0","shop.supporterOwned","Thank you for supporting Lucky Cat! ♥","ขอบคุณที่สนับสนุน Lucky Cat! ♥","",""
"P0","iap.amount","{coins} coins","{coins} เหรียญ","",""
"P0","iap.pending","Processing…","กำลังดำเนินการ…","",""
"P0","iap.failed","Purchase failed — nothing was charged. Try again.","การซื้อไม่สำเร็จ — ยังไม่มีการเรียกเก็บเงิน ลองใหม่อีกครั้ง","",""
"P0","iap.success","+{coins} coins added!","ได้รับ +{coins} เหรียญแล้ว!","",""
"P0","iap.supporterThanks","You're a Supporter now — thank you! ♥","คุณเป็นผู้สนับสนุนแล้ว — ขอบคุณ! ♥","",""
"P0","iap.supporterThanksSave","You're a Supporter now ♥ — add your email to keep it on every device.","คุณเป็นผู้สนับสนุนแล้ว ♥ — เพิ่มอีเมลเพื่อใช้ได้ทุกเครื่อง","",""
"P0","iap.restore","Restore Purchases","กู้คืนการซื้อ","",""
"P0","iap.restored","Supporter restored ♥","กู้คืนสถานะผู้สนับสนุนแล้ว ♥","",""
"P0","iap.nothingToRestore","Nothing to restore","ไม่มีรายการให้กู้คืน","",""
"P0","iap.restoreFailed","Restore failed — check your connection and try again.","กู้คืนไม่สำเร็จ — ตรวจสอบการเชื่อมต่อแล้วลองใหม่","",""
"P0","iap.processing","Purchase is processing — your coins will arrive shortly.","การซื้อกำลังดำเนินการ — เหรียญของคุณจะเข้าบัญชีในไม่ช้า","",""
"P0","iap.supporter.web.title","Become a Supporter","เป็นผู้สนับสนุน","",""
"P0","iap.supporter.web.blurb","Support the project — a thank-you cosmetic, a Supporter badge, 2,000 coins, and ad-free on the mobile app. One payment, yours everywhere.","สนับสนุนโปรเจกต์ — รับไอเทมขอบคุณ ตราผู้สนับสนุน เหรียญ 2,000 และไม่มีโฆษณาบนแอปมือถือ จ่ายครั้งเดียว ใช้ได้ทุกเครื่อง","",""
"P0","account.supporterChip","Supporter ♥","ผู้สนับสนุน ♥","",""
"P0","item.supporter","Supporter Pack","แพ็กผู้สนับสนุน","",""
"P0","item.coins_s","Coin Pouch","ถุงเหรียญ","",""
"P0","item.coins_m","Coin Stack","กองเหรียญ","",""
"P0","item.coins_l","Coin Chest","หีบเหรียญ","",""
"P0","item.coins_xl","Coin Vault","คลังเหรียญ","",""
"P1","battle.critical","BRILLIANT!","สุดยอด!","",""
"P1","welcome.title","Welcome!","ยินดีต้อนรับ!","",""
"P1","welcome.blurb","Learn Chinese words by playing — a couple of minutes a day.","เรียนคำศัพท์จีนผ่านการเล่น — วันละไม่กี่นาที","",""
"P1","welcome.language","Your language","ภาษาของคุณ","",""
"P1","welcome.level","Start at","เริ่มที่ระดับ","",""
"P1","welcome.levelHint","New to HSK? Start with HSK1 — you can change this any time.","เพิ่งเริ่ม HSK ใช่ไหม? เริ่มที่ HSK1 และเปลี่ยนได้ทุกเมื่อ","",""
"P1","welcome.start","START LEARNING","เริ่มเรียนเลย","",""
"P1","welcome.promise","First, learn 6 words. Then play a short Word Quest.","เริ่มจากเรียน 6 คำ แล้วเล่นภารกิจคำศัพท์สั้น ๆ","",""
"P1","results.introHint","Great first session! Come back tomorrow to start your streak 🍵","ครั้งแรกเยี่ยมไปเลย! พรุ่งนี้กลับมาเริ่มเรียนต่อเนื่องกันนะ 🍵","",""
"P1","quests.title","Daily Quests","ภารกิจประจำวัน","",""
"P1","scope.title","Choose your words","เลือกคำศัพท์","",""
"P1","scope.levels","Levels","ระดับ","",""
"P1","scope.filters","Filters","ตัวกรอง","",""
"P1","scope.highYield","High-yield only","เฉพาะคำออกบ่อย","",""
"P1","scope.newOnly","New words only","เฉพาะคำใหม่","",""
"P1","scope.topN","Top-N by frequency","จัดอันดับตามความถี่","",""
"P1","scope.all","All","ทั้งหมด","",""
"P1","scope.meaningLang","Meaning language","ภาษาที่ใช้แสดงความหมาย","",""
"P1","scope.english","English","ภาษาอังกฤษ","",""
"P1","scope.both","Both","ทั้งสอง","",""
"P1","scope.sessionLen","Session length","จำนวนคำต่อรอบ","",""
"P1","scope.stepWords","1 · Choose words","1 · เลือกคำศัพท์","",""
"P1","scope.moreFilters","More word filters","ตัวกรองคำศัพท์เพิ่มเติม","",""
"P1","scope.stepMeaning","2 · Meaning language","2 · ภาษาที่ใช้แสดงความหมาย","",""
"P1","scope.stepSession","3 · Session","3 · จำนวนคำต่อรอบ","",""
"P1","scope.startQuest","Start {n}-word quest","เริ่มภารกิจ {n} คำ","",""
"P1","scope.custom","Custom","กำหนดเอง","",""
"P1","scope.customPh","5–500","5–500","",""
"P1","scope.endless","Endless","ไม่จำกัด","",""
"P1","scope.cards","Cards","บัตรคำ","",""
"P1","scope.cardsResume","Resume Cards · {n}","เล่นบัตรคำต่อ · {n}","",""
"P1","scope.wordQuest","Word Quest · {n}","ภารกิจคำศัพท์ · {n}","",""
"P1","scope.smartReview","Smart Review","ทบทวนอัจฉริยะ","",""
"P1","scope.smartReviewProgress","Smart Review · {have}/{min}","ทบทวนอัจฉริยะ · {have}/{min}","",""
"P1","scope.smartReviewReady","Smart Review · {n}","ทบทวนอัจฉริยะ · {n}","",""
"P1","scope.smartReviewLocked","Play a session first — Smart Review learns your weak words","เล่นสักรอบก่อน — ทบทวนอัจฉริยะจะเรียนรู้คำที่คุณยังไม่แม่น","",""
"P1","scope.readout","Pool: <b>{count}</b> words · ~<b>{pct}%</b> of exam text","คลังคำ: <b>{count}</b> คำ · ~<b>{pct}%</b> ของข้อสอบ","",""
"P1","scope.readoutNoThai","* {n} long-tail words have no Thai yet — English shown instead.","* มี {n} คำที่ยังไม่มีภาษาไทย — แสดงภาษาอังกฤษแทน","",""
"P1","scope.tabPicker","Picker","เลือกเอง","",""
"P1","scope.tabJourney","Journey","เส้นทาง","",""
"P1","learn.exit","Exit","ออก","",""
"P1","learn.stillLearning","Again","ฝึกอีกครั้ง","",""
"P1","learn.knowIt","Got it","จำได้แล้ว","",""
"P1","learn.count","{done} done · {left} left","เรียนแล้ว {done} · เหลือ {left}","",""
"P1","learn.hintFront","tap to flip · HSK{lv} · in {ta}/{tt} papers","แตะเพื่อพลิก · HSK{lv} · พบใน {ta}/{tt} ชุดข้อสอบ","",""
"P1","learn.hintBack","tap to flip back","แตะเพื่อพลิกกลับ","",""
"P1","fc.noThai","no Thai yet","ยังไม่มีภาษาไทย","",""
"P1","fc.inSentence","In a sentence","ในประโยค","",""
"P1","results.roundOver","Word Quest complete","ภารกิจคำศัพท์สำเร็จ","",""
"P1","results.routeLabel","Village Gate journey","เส้นทางประตูหมู่บ้าน","",""
"P1","results.chapter","Chapter {n}","บทที่ {n}","",""
"P1","results.learnedTarget","{learned} / {target} words learned","เรียนรู้แล้ว {learned} / {target} คำ","",""
"P1","results.attempts","Attempts","ตอบทั้งหมด","",""
"P1","results.accuracy","Accuracy","ความแม่นยำ","",""
"P1","results.lanterns","Lanterns","โคมไฟ","",""
"P1","results.rewardTitle","Lucky rewards","รางวัลนำโชค","",""
"P1","results.nextReviewPractice","Next: revisit your extra-practice words","ต่อไป: ทบทวนคำที่ต้องฝึกเพิ่ม","",""
"P1","results.nextReviewTomorrow","Your Lantern Trail continues tomorrow","เส้นทางโคมไฟไปต่อพรุ่งนี้นะ","",""
"P1","results.lanternAlt","Lit lantern","โคมไฟที่จุดแล้ว","",""
"P1","results.missed","Needed extra practice","คำที่ต้องฝึกเพิ่ม","",""
"P1","results.reviewWords","Review Words","ทบทวนคำ","",""
"P1","results.practiceMissed","Practice these words again","ฝึกคำเหล่านี้อีกครั้ง","",""
"P1","results.playAgain","Play again","เล่นอีกครั้ง","",""
"P1","results.home","Home","หน้าหลัก","",""
"P1","results.banked","+{score} coins banked · total {total}","+{score} เหรียญ · รวม {total}","",""
"P1","results.perfect","Perfect Word Quest! +{bonus} coin bonus","ภารกิจคำศัพท์สมบูรณ์แบบ! โบนัส +{bonus} เหรียญ","",""
"P1","results.levelUp","Level up! Lv {lv}","เลื่อนระดับ! Lv {lv}","",""
"P1","results.levelUpUnlocked","Level up! Lv {lv} — unlocked: {items}","เลื่อนระดับ! Lv {lv} — ปลดล็อก: {items}","",""
"P1","results.sub","{acc}% accuracy · {words} words · {key}","แม่นยำ {acc}% · {words} คำ · {key}","",""
"P1","results.bestTag","Best session!","สถิติใหม่!","",""
"P1","results.bestPrev","best {prev}","ดีที่สุด {prev}","",""
"P1","results.questComplete","Quest complete: {desc} +{reward} coins","ภารกิจสำเร็จ: {desc} +{reward} เหรียญ","",""
"P1","results.catReady","Daily goal complete — your cat is ready to explore.","ทำเป้าหมายวันนี้สำเร็จ — เจ้าแมวพร้อมออกสำรวจแล้ว","",""
"P1","results.catReadyAction","Visit Cat","ไปหาเจ้าแมว","",""
"P1","results.projectTitle","Next street build","สิ่งที่จะสร้างบนถนนต่อไป","",""
"P1","results.projectProgress","+{earned} this quest · {remaining} coins to go","+{earned} จากภารกิจนี้ · เหลืออีก {remaining} เหรียญ","",""
"P1","results.projectNoGain","{remaining} coins to go","เหลืออีก {remaining} เหรียญ","",""
"P1","results.projectReadyEarned","+{earned} this quest · ready to build!","+{earned} จากภารกิจนี้ · พร้อมสร้างแล้ว!","",""
"P1","results.projectReady","Ready to build!","พร้อมสร้างแล้ว!","",""
"P1","results.viewProject","View project","ดูโปรเจกต์","",""
"P1","results.buildNow","Build now","สร้างเลย","",""
"P1","quest.status.done","Done","สำเร็จ","",""
"P1","quest.status.open","Open","ยังไม่เสร็จ","",""
"P1","quest.reward","+{reward} coins","+{reward} เหรียญ","",""
"P1","quest.correct30","Answer 30 words correctly","ตอบถูก 30 คำ","",""
"P1","quest.combo5","Reach a ×5 learning streak","ทำจังหวะโชคดี ×5","",""
"P1","quest.boss1","Complete a Review Challenge","ผ่านด่านทบทวน","",""
"P1","quest.perfect1","Finish a Word Quest with no extra-practice words","จบภารกิจคำศัพท์โดยไม่มีคำที่ต้องฝึกเพิ่ม","",""
"P1","quest.review1","Play a Smart Review quest","เล่นภารกิจทบทวนอัจฉริยะ","",""
"P1","quest.learn20","Mark 20 flashcards as known","ทำเครื่องหมายรู้แล้ว 20 บัตรคำ","",""
"P1","quest.monthly.title","Monthly: {done}/{target} quests","รายเดือน: {done}/{target} ภารกิจ","",""
"P1","quest.monthly.claim","Claim +{reward}","รับ +{reward}","",""
"P1","quest.monthly.badge","Monthly badge earned!","ได้เหรียญตรารายเดือนแล้ว!","",""
"P1","quest.monthly.autoClaimed","Monthly reward claimed for you: +{reward} coins","รับรางวัลรายเดือนให้คุณแล้ว: +{reward} เหรียญ","",""
"P1","results.newSticker","New sticker: {name}","สติกเกอร์ใหม่: {name}","",""
"P1","howto.title","How to play","วิธีเล่น","",""
"P1","howto.stepSeeTitle","See the word","ดูคำศัพท์","",""
"P1","howto.stepSeeBody","Read the Chinese word and its pinyin. Tap the speaker whenever you want to hear it.","อ่านคำศัพท์จีนและพินอิน แตะลำโพงได้ทุกเมื่อที่ต้องการฟังเสียง","",""
"P1","howto.stepChooseTitle","Choose its meaning","เลือกความหมาย","",""
"P1","howto.stepChooseBody","Pick the correct meaning. First-try answers build your Lucky Flow.","เลือกความหมายที่ถูกต้อง การตอบถูกครั้งแรกจะสร้างจังหวะโชคดี","",""
"P1","howto.stepLearnTitle","Learn and continue","เรียนรู้แล้วไปต่อ","",""
"P1","howto.stepLearnBody","Missed words return soon, so every quest ends with the planned words learned.","คำที่พลาดจะกลับมาอีกครั้ง ทำให้ทุกภารกิจจบลงเมื่อเรียนรู้คำที่วางไว้ครบ","",""
"P1","howto.advanced","Review Challenges and Learn mode","ด่านทบทวนและโหมดเรียนรู้","",""
"P1","howto.credits","Audio, examples, and credits","เสียง ตัวอย่าง และเครดิต","",""
"P1","howto.try","Try a 5-word quest","ลองภารกิจ 5 คำ","",""
"P1","howto.intro","Follow Lucky Cat along the <b>Lantern Trail</b>. Each stop presents a Chinese word with pinyin.","เดินไปกับแมวนำโชคตาม<b>เส้นทางโคมไฟ</b> แต่ละจุดจะแสดงคำศัพท์จีนพร้อมพินอิน","",""
"P1","howto.tapMeaning","Choose the <b>correct meaning</b>. Consecutive first-try answers build Lucky Flow.","เลือก<b>ความหมายที่ถูกต้อง</b> การตอบถูกครั้งแรกต่อเนื่องจะสร้างจังหวะโชคดี","",""
"P1","howto.oneShot","Missed words return.","คำที่พลาดจะกลับมา","",""
"P1","howto.oneShotDetail","A wrong tap reveals the answer and adds the word to your Review Pouch, so you can learn it when it returns.","หากแตะผิด เกมจะแสดงคำตอบและเพิ่มคำนั้นลงถุงทบทวน เพื่อให้คุณเรียนรู้อีกครั้งเมื่อคำนั้นกลับมา","",""
"P1","howto.tooSlow","If time runs out, the answer is revealed and the word returns soon. Your Word Quest continues until every planned word is learned.","หากหมดเวลา เกมจะแสดงคำตอบและนำคำนั้นกลับมาในไม่ช้า ภารกิจคำศัพท์จะดำเนินต่อจนคุณเรียนรู้ครบทุกคำที่วางไว้","",""
"P1","howto.reviewChallenge","Every tenth planned word becomes a <b>two-step Review Challenge</b>: meaning first, then reverse recall.","ทุกคำลำดับที่สิบจะเป็น<b>ด่านทบทวนสองขั้น</b>: เลือกความหมายก่อน แล้วนึกคำตอบย้อนกลับ","",""
"P1","howto.results","Finish every planned word to receive a results postcard with learned words, extra practice, rewards, and your next review.","เรียนรู้คำที่วางไว้ให้ครบเพื่อรับโปสการ์ดสรุปคำที่เรียน คำที่ต้องฝึกเพิ่ม รางวัล และการทบทวนครั้งถัดไป","",""
"P1","howto.everyWord","Every word shows <b>pinyin</b> and can be <b>heard aloud</b> — during the Word Quest, in flashcards, and in extra-practice review.","ทุกคำแสดง<b>พินอิน</b>และสามารถ<b>ฟังเสียงได้</b> — ทั้งระหว่างภารกิจคำศัพท์ ในบัตรคำ และตอนทบทวนคำที่ต้องฝึกเพิ่ม","",""
"P1","howto.learnMode","<b>Learn mode</b> drills the same word pool as flashcards first, so you can study, then play.","<b>โหมดเรียนรู้</b>ฝึกคลังคำเดียวกับบัตรคำก่อน เพื่อให้คุณได้ทบทวนก่อนเริ่มเล่น","",""
"P1","howto.attribution","Some example sentences from Tatoeba (tatoeba.org), CC-BY 2.0 FR.","ประโยคตัวอย่างบางส่วนจาก Tatoeba (tatoeba.org) สัญญาอนุญาต CC-BY 2.0 FR","",""
"P1","battle.round","Round {label}","รอบ {label}","",""
"P1","battle.wordQuest","Word Quest","ภารกิจคำศัพท์","",""
"P1","battle.routeName","Lantern Trail","เส้นทางโคมไฟ","",""
"P1","battle.reviewPouch","Review Pouch {n}","ถุงทบทวน {n}","",""
"P1","battle.learnedProgress","Learned {label}","เรียนแล้ว {label}","",""
"P1","battle.luckyFlow","Lucky Flow","จังหวะโชคดี","",""
"P1","battle.promptChoose","Choose the correct meaning.","เลือกความหมายที่ถูกต้อง","",""
"P1","battle.promptMeaning","Choose the correct meaning.","เลือกความหมายที่ถูกต้อง","",""
"P1","battle.promptListen","Listen, then choose the meaning you heard.","ฟังเสียง แล้วเลือกความหมายที่ได้ยิน","",""
"P1","battle.promptReverse","Choose the hanzi that matches the meaning.","เลือกตัวอักษรจีนที่ตรงกับความหมาย","",""
"P1","battle.promptTone","Choose the correct pinyin and tone.","เลือกพินอินและวรรณยุกต์ที่ถูกต้อง","",""
"P1","battle.promptCloze","Choose the word that completes the sentence.","เลือกคำที่เติมประโยคให้สมบูรณ์","",""
"P1","battle.promptTyped","Type the pinyin letters, then choose any tones shown.","พิมพ์ตัวอักษรพินอิน แล้วเลือกวรรณยุกต์ที่แสดง","",""
"P1","battle.reviewChallengeIntro","Review Challenge · recall this word in two steps.","ด่านทบทวน · ทบทวนคำนี้ให้ครบสองขั้น","",""
"P1","battle.feedbackLearned","Got it — this word is growing stronger.","เก่งมาก — คุณจำคำนี้ได้ดีขึ้นอีกขั้น","",""
"P1","battle.feedbackReview","Added to your Review Pouch — you will see it again soon.","เพิ่มลงถุงทบทวนแล้ว — คุณจะได้พบคำนี้อีกในไม่ช้า","",""
"P1","battle.pause","Pause","หยุดชั่วคราว","",""
"P1","battle.paused","Paused","หยุดชั่วคราว","",""
"P1","battle.resume","Resume","เล่นต่อ","",""
"P1","battle.quit","Quit","ออก","",""
"P1","battle.quitConfirm","Quit this quest?","ออกจากภารกิจนี้?","",""
"P1","battle.audioGroup","Audio","เสียง","",""
"P1","battle.learningAidsGroup","Learning aids","ตัวช่วยการเรียน","",""
"P1","battle.wordAudio","Word audio","เสียงคำศัพท์","",""
"P1","battle.pinyin","Pinyin","พินอิน","",""
"P1","battle.on","On","เปิด","",""
"P1","battle.off","Off","ปิด","",""
"P1","battle.canvasLabel","Word Quest scene. Press Enter or Space to replay the word's audio (when available).","ฉากภารกิจคำศัพท์ กด Enter หรือ Space เพื่อฟังเสียงคำศัพท์อีกครั้ง (เมื่อเปิดให้ฟัง)","",""
"P1","battle.canvasWord","Current word: {h}, pinyin {p}. Press Enter or Space to replay its audio.","คำปัจจุบัน: {h} พินอิน {p} กด Enter หรือ Space เพื่อฟังเสียงอีกครั้ง","",""
"P1","battle.canvasHanzi","Current hanzi: {h}. Use the task below to recall its pinyin.","ตัวอักษรจีนปัจจุบัน: {h} ทำโจทย์ด้านล่างเพื่อนึกพินอิน","",""
"P1","battle.canvasListen","Listen-only word. Press Enter or Space to replay the audio, then choose its meaning.","โจทย์ฟังเสียง กด Enter หรือ Space เพื่อฟังซ้ำ แล้วเลือกความหมาย","",""
"P1","battle.canvasHidden","The answer is hidden for this recall task. Read the prompt and choices below.","โจทย์นี้ซ่อนคำตอบไว้ อ่านคำสั่งและตัวเลือกด้านล่าง","",""
"P1","battle.canvasRevealed","Answer revealed: {h}, pinyin {p}. Press Enter or Space to replay its audio.","เฉลย: {h} พินอิน {p} กด Enter หรือ Space เพื่อฟังเสียงอีกครั้ง","",""
"P1","battle.bossPrompt","Review Challenge · pick the hanzi for: {meaning}","ด่านทบทวน · เลือกตัวอักษรจีนของคำว่า: {meaning}","",""
"P1","battle.replay","Play it again","ฟังอีกครั้ง","",""
"P1","battle.reversePrompt","Pick the hanzi for: {meaning}","เลือกตัวอักษรจีนของคำว่า: {meaning}","",""
"P1","battle.introOk","Got it!","เข้าใจแล้ว!","",""
"P1","battle.introListen","New: listen first! Play the sound and tap the meaning you hear.","ใหม่: ฟังก่อนนะ! กดฟังเสียงแล้วแตะความหมายที่ได้ยิน","",""
"P1","battle.introReverse","New: you know this word — now pick its hanzi from the meaning!","ใหม่: คำนี้คุ้นแล้ว — เลือกตัวอักษรจีนจากความหมายเลย!","",""
"P1","battle.introTone","New: tone check! Tap the pinyin with the right tone marks.","ใหม่: เช็ควรรณยุกต์! แตะพินอินที่มีวรรณยุกต์ถูกต้อง","",""
"P1","battle.introCloze","New: fill the blank! Pick the word that completes the sentence.","ใหม่: เติมคำในช่องว่าง! เลือกคำที่ทำให้ประโยคสมบูรณ์","",""
"P1","battle.introTyped","Master level — now you type it!
1 · Type the pinyin letters
2 · Tap any tone selectors shown
3 · Press CHECK!","ด่านมาสเตอร์ — พิมพ์เองเลย!
1 · พิมพ์ตัวอักษรพินอิน
2 · แตะวรรณยุกต์ที่แสดง
3 · กด ตรวจคำตอบ!","",""
"P1","battle.typedPlaceholder","type the pinyin letters","พิมพ์ตัวอักษรพินอิน","",""
"P1","battle.typedGo","CHECK!","ตรวจคำตอบ!","",""
"P1","battle.typedLettersOk","letters right — check the tones!","ตัวอักษรถูกแล้ว — เช็ควรรณยุกต์!","",""
"P1","battle.typedTonesOk","tones right — check the spelling!","วรรณยุกต์ถูกแล้ว — เช็คตัวสะกด!","",""
"P1","battle.toneAria","tone {n} for {syl}","วรรณยุกต์ {n} ของ {syl}","",""
"P1","battle.instruction.meaning","Choose the correct meaning","เลือกความหมายที่ถูกต้อง","",""
"P1","battle.instruction.reverse","Choose the hanzi","เลือกตัวอักษรจีนที่ถูกต้อง","",""
"P1","battle.instruction.listen","Listen, then choose","ฟังแล้วเลือกความหมาย","",""
"P1","battle.instruction.tone","Choose the pinyin","เลือกพินอินที่ถูกต้อง","",""
"P1","battle.instruction.typed","Type the pinyin","พิมพ์พินอิน","",""
"P1","battle.instruction.cloze","Fill the blank","เติมคำในช่องว่าง","",""
"P1","battle.correct","Correct!","ถูกต้อง!","",""
"P1","tones.title","Tone Trainer","ฝึกวรรณยุกต์","",""
"P1","tones.instruction","Which tone did you hear?","คุณได้ยินวรรณยุกต์อะไร","",""
"P1","tones.replay","Play it again","ฟังอีกครั้ง","",""
"P1","tones.progress","{i} / {n}","{i} / {n}","",""
"P1","tones.tone1","1","1","",""
"P1","tones.tone2","2","2","",""
"P1","tones.tone3","3","3","",""
"P1","tones.tone4","4","4","",""
"P1","tones.toneAria","Tone {n}","วรรณยุกต์ {n}","",""
"P1","tones.roundDone","Round done!","จบรอบแล้ว!","",""
"P1","tones.score","{score} / {total} correct","ถูก {score} จาก {total}","",""
"P1","tones.bestStreak","Best streak: {n}","ต่อเนื่องสูงสุด {n} ครั้ง","",""
"P1","tones.reward","+{coins} coins · +{xp} XP","+{coins} เหรียญ · +{xp} XP","",""
"P1","tones.again","Play again","เล่นอีกครั้ง","",""
"P2","progress.levelRow","{pct} mastered · {seen}/{total} seen","{pct} เชี่ยวชาญ · พบแล้ว {seen}/{total} คำ","",""
"P2","milestone.scarf","Red scarf","ผ้าพันคอสีแดง","",""
"P2","milestone.coin","Gold coin charm","เครื่องรางเหรียญทอง","",""
"P2","milestone.outfit","Chinese outfit","ชุดจีน","",""
"P2","milestone.kitten","Kitten follower","ลูกแมวติดตาม","",""
"P2","milestone.emperor","Emperor crown","มงกุฎจักรพรรดิ","",""
"P2","nav.home","Home","หน้าหลัก","",""
"P2","nav.street","Street","ถนน","",""
"P2","nav.cat","Cat","เจ้าแมว","",""
"P2","nav.progress","Profile","โปรไฟล์","",""
"P2","nav.more","More","เพิ่มเติม","",""
"P2","cat.eyebrow","Your learning companion","เพื่อนคู่ใจในการเรียน","",""
"P2","cat.title","Lucky Cat Journey","การเดินทางของแมวนำโชค","",""
"P2","cat.memories","Memories","ความทรงจำ","",""
"P2","cat.memoriesTitle","Journey memories","ความทรงจำจากการเดินทาง","",""
"P2","cat.memoriesEmpty","Complete today's goal and send your cat exploring to make your first memory.","ทำเป้าหมายวันนี้ให้สำเร็จ แล้วส่งเจ้าแมวออกสำรวจเพื่อสร้างความทรงจำแรก","",""
"P2","cat.memoriesMore","Show older memories","แสดงความทรงจำที่เก่ากว่า","",""
"P2","cat.backgrounds","Backgrounds","ฉากหลัง","",""
"P2","cat.profile","My progress","ความคืบหน้าของฉัน","",""
"P2","cat.away","Exploring nearby…","กำลังสำรวจแถวนี้…","",""
"P2","cat.characterAlt","Your Lucky Cat learning companion","เจ้าแมวนำโชค เพื่อนคู่ใจในการเรียนของคุณ","",""
"P2","cat.bond","Cat Bond","สายสัมพันธ์กับเจ้าแมว","",""
"P2","cat.dailyGoal","Daily goal","เป้าหมายประจำวัน","",""
"P2","cat.bondPoints","{n} bond","สายสัมพันธ์ {n}","",""
"P2","cat.bondNext","{n} to {name}","อีก {n} ถึง {name}","",""
"P2","cat.bondMax","Maximum bond","สายสัมพันธ์เต็มแล้ว","",""
"P2","cat.goalComplete","Daily goal complete ✓","ทำเป้าหมายวันนี้สำเร็จ ✓","",""
"P2","cat.goalProgress","{done}/{goal} words today","วันนี้ {done}/{goal} คำ","",""
"P2","cat.status.ready","Explore for 20 min · bring back 1 memory.","ออกสำรวจ 20 นาที · นำความทรงจำกลับมา 1 ชิ้น","",""
"P2","cat.status.exploring","Your cat is exploring. Back in about {n} min.","เจ้าแมวกำลังสำรวจ กลับมาในอีกประมาณ {n} นาที","",""
"P2","cat.status.returned","Your cat is back with a story for you!","เจ้าแมวกลับมาพร้อมเรื่องเล่าให้คุณ!","",""
"P2","cat.status.done","A good day together. Time for a cozy rest.","วันนี้เป็นวันที่ดีด้วยกัน ได้เวลาพักสบาย ๆ แล้ว","",""
"P2","cat.status.needsGoal","Learn {goal} words today to power an adventure · {done}/{goal}","เรียนวันนี้ให้ครบ {goal} คำ เพื่อออกผจญภัย · {done}/{goal}","",""
"P2","cat.cta.study","Study now","เรียนตอนนี้","",""
"P2","cat.cta.explore","Go exploring","ออกไปสำรวจ","",""
"P2","cat.cta.exploring","Study while your cat explores","เรียนระหว่างที่เจ้าแมวสำรวจ","",""
"P2","cat.cta.return","Keep this memory","เก็บความทรงจำนี้","",""
"P2","cat.cta.studyMore","Study a little more","เรียนเพิ่มอีกนิด","",""
"P2","cat.bg.home","Study Room","ห้องเรียน","",""
"P2","cat.bg.garden","Vocabulary Garden","สวนคำศัพท์","",""
"P2","cat.bg.market","Morning Market","ตลาดยามเช้า","",""
"P2","cat.bg.lantern","Lantern Riverside","ริมแม่น้ำแสงโคม","",""
"P2","cat.bg.scholar","Scholar Gate","ประตูบัณฑิต","",""
"P2","cat.bg.select","Use {name}","ใช้ฉาก {name}","",""
"P2","cat.bg.locked","{name}, unlocks at {n} bond","{name} ปลดล็อกเมื่อสายสัมพันธ์ถึง {n}","",""
"P2","cat.bg.selected","Selected","เลือกแล้ว","",""
"P2","cat.bg.points","{n} bond","สายสัมพันธ์ {n}","",""
"P2","cat.tier.studyBuddy","Study Buddy","เพื่อนเรียน","",""
"P2","cat.tier.curiousPaws","Curious Paws","อุ้งเท้าช่างสงสัย","",""
"P2","cat.tier.explorer","Neighborhood Explorer","นักสำรวจละแวกบ้าน","",""
"P2","cat.tier.lanternFriend","Lantern Friend","เพื่อนแสงโคม","",""
"P2","cat.tier.scholarCat","Scholar Cat","แมวบัณฑิต","",""
"P2","cat.memory.leaf.title","A garden leaf","ใบไม้จากสวน","",""
"P2","cat.memory.leaf.story","Your cat found a heart-shaped leaf beside a quiet reading path and saved it for you.","เจ้าแมวพบใบไม้รูปหัวใจข้างทางอ่านหนังสืออันเงียบสงบ และเก็บไว้ให้คุณ","",""
"P2","cat.memory.tea.title","Warm tea steam","ไอชาอุ่น ๆ","",""
"P2","cat.memory.tea.story","A market neighbor shared a tiny cup of tea while your cat listened to new words.","เพื่อนบ้านในตลาดแบ่งชาถ้วยเล็กให้ ขณะที่เจ้าแมวตั้งใจฟังคำศัพท์ใหม่","",""
"P2","cat.memory.lantern.title","Lantern glow","แสงโคม","",""
"P2","cat.memory.lantern.story","One lantern reflected like a little moon. Your cat followed its light home.","โคมดวงหนึ่งสะท้อนเหมือนพระจันทร์ดวงน้อย เจ้าแมวเดินตามแสงนั้นกลับบ้าน","",""
"P2","cat.memory.bridge.title","Light on the bridge","แสงบนสะพาน","",""
"P2","cat.memory.bridge.story","Your cat paused on the bridge and watched every bright reflection become a path.","เจ้าแมวหยุดบนสะพาน มองทุกเงาสะท้อนสว่างกลายเป็นเส้นทาง","",""
"P2","cat.memory.blossom.title","Plum blossom","ดอกเหมย","",""
"P2","cat.memory.blossom.story","A soft pink petal landed on the satchel—just the right bookmark for today's lesson.","กลีบสีชมพูอ่อนตกบนกระเป๋า พอดีสำหรับคั่นบทเรียนวันนี้","",""
"P2","cat.memory.brush.title","Scholar's brush","พู่กันของบัณฑิต","",""
"P2","cat.memory.brush.story","At the mountain pavilion, your cat watched a careful brush turn practice into progress.","ที่ศาลาบนเขา เจ้าแมวเห็นพู่กันเปลี่ยนการฝึกฝนอย่างตั้งใจให้เป็นความก้าวหน้า","",""
"P2","cat.memory.book.title","Green book ribbon","ริบบิ้นหนังสือสีเขียว","",""
"P2","cat.memory.book.story","Your cat brought home a ribbon to mark how far you have learned together.","เจ้าแมวนำริบบิ้นกลับมา เพื่อคั่นหน้าว่าพวกคุณเรียนมาด้วยกันไกลแค่ไหนแล้ว","",""
"P2","cat.memory.market.title","Market orange","ส้มจากตลาด","",""
"P2","cat.memory.market.story","A shopkeeper chose the brightest orange as a cheerful reward for today's effort.","เจ้าของร้านเลือกส้มที่สดใสที่สุด เป็นรางวัลแสนร่าเริงสำหรับความพยายามวันนี้","",""
"P2","cat.memory.archived.title","A treasured memory","ความทรงจำล้ำค่า","",""
"P2","cat.memory.archived.story","Your cat kept this memory safe from an earlier journey.","เจ้าแมวเก็บความทรงจำจากการเดินทางครั้งก่อนไว้อย่างดี","",""
"P2","cat.memory.from","From {place}","จาก {place}","",""
"P2","cat.memory.playWord","Play {word}","ฟังเสียง {word}","",""
"P2","cat.memory.sunnyWindow.title","A sunny window","หน้าต่างรับแดด","",""
"P2","cat.memory.sunnyWindow.story","Your cat found a warm patch of sunlight and saved the coziest spot for your next lesson.","เจ้าแมวพบมุมอุ่น ๆ ที่แสงแดดส่องถึง และเก็บที่นั่งสบายที่สุดไว้ให้บทเรียนครั้งหน้า","",""
"P2","cat.memory.pageCorner.title","A folded page corner","มุมหน้ากระดาษ","",""
"P2","cat.memory.pageCorner.story","A breeze turned one page at a time while your cat patiently kept your place.","สายลมเปิดหนังสือทีละหน้า ขณะที่เจ้าแมวคอยเฝ้าหน้าที่คุณอ่านค้างไว้อย่างใจเย็น","",""
"P2","cat.memory.pencilCurl.title","A pencil curl","เศษดินสอม้วน","",""
"P2","cat.memory.pencilCurl.story","A tiny curl from a sharpened pencil looked like a cat's tail beside the green book.","เศษดินสอที่เหลาแล้วม้วนเหมือนหางแมวเล็ก ๆ อยู่ข้างหนังสือสีเขียว","",""
"P2","cat.memory.littleBell.title","A little bell note","เสียงกระดิ่งน้อย","",""
"P2","cat.memory.littleBell.story","A soft bell rang once outside the study room, as if cheering for today's progress.","กระดิ่งหน้าห้องเรียนดังเบา ๆ หนึ่งครั้ง ราวกับกำลังยินดีกับความก้าวหน้าของวันนี้","",""
"P2","cat.memory.bambooShadow.title","Bamboo shadows","เงาไผ่","",""
"P2","cat.memory.bambooShadow.story","Bamboo shadows crossed the path like gentle strokes while your cat walked through the garden.","เงาไผ่พาดผ่านทางเหมือนเส้นพู่กันอ่อน ๆ ขณะที่เจ้าแมวเดินเล่นในสวน","",""
"P2","cat.memory.koiRipple.title","A koi ripple","ระลอกน้ำของปลาคาร์ป","",""
"P2","cat.memory.koiRipple.story","One curious koi made a perfect circle in the pond, and your cat waited for the water to grow still.","ปลาคาร์ปช่างสงสัยว่ายเป็นวงกลมพอดี เจ้าแมวจึงนั่งรอจนผิวน้ำนิ่งอีกครั้ง","",""
"P2","cat.memory.gardenKite.title","A garden kite","ว่าวในสวน","",""
"P2","cat.memory.gardenKite.story","A small paper kite floated above the pavilion and dipped hello before climbing again.","ว่าวกระดาษลอยเหนือศาลา ก้มลงมาทักทายก่อนจะลอยสูงขึ้นอีกครั้ง","",""
"P2","cat.memory.morningDew.title","Morning dew","น้ำค้างยามเช้า","",""
"P2","cat.memory.morningDew.story","Bright drops rested on the leaves like tiny glass beads along the reading path.","หยดน้ำใสเกาะบนใบไม้เหมือนลูกแก้วเม็ดจิ๋ว เรียงอยู่ตลอดทางอ่านหนังสือ","",""
"P2","cat.memory.stonePath.title","The quiet stone path","ทางหินอันเงียบสงบ","",""
"P2","cat.memory.stonePath.story","Your cat followed the pale stones slowly and found each step easier than the last.","เจ้าแมวค่อย ๆ เดินตามก้อนหินสีอ่อน และพบว่าแต่ละก้าวง่ายขึ้นเรื่อย ๆ","",""
"P2","cat.memory.marketTag.title","A blank market tag","ป้ายเปล่าจากตลาด","",""
"P2","cat.memory.marketTag.story","A shopkeeper gave your cat a clean paper tag to use as a bookmark for future words.","เจ้าของร้านให้ป้ายกระดาษสะอาดแก่เจ้าแมว เพื่อใช้คั่นหน้าคำศัพท์ที่จะเรียนต่อไป","",""
"P2","cat.memory.basketRibbon.title","A basket ribbon","ริบบิ้นจากตะกร้า","",""
"P2","cat.memory.basketRibbon.story","A coral ribbon slipped from a fruit basket, so your cat carried it home for the memory box.","ริบบิ้นสีปะการังหลุดจากตะกร้าผลไม้ เจ้าแมวจึงนำกลับมาเก็บไว้ในกล่องความทรงจำ","",""
"P2","cat.memory.sesameBun.title","Warm sesame bun","ขนมงาอุ่น ๆ","",""
"P2","cat.memory.sesameBun.story","The baker shared a warm sesame bun, and your cat enjoyed its sweet smell on the walk home.","คนทำขนมแบ่งขนมงาอุ่น ๆ ให้ กลิ่นหอมหวานติดตามเจ้าแมวไปตลอดทางกลับบ้าน","",""
"P2","cat.memory.marketBell.title","The market bell","กระดิ่งตลาด","",""
"P2","cat.memory.marketBell.story","The wooden market bell made one friendly note as the last stall opened for the morning.","กระดิ่งไม้ในตลาดดังเสียงเป็นมิตรหนึ่งครั้ง เมื่อร้านสุดท้ายเปิดรับเช้าวันใหม่","",""
"P2","cat.memory.umbrellaColors.title","Umbrella colors","สีสันของร่มกระดาษ","",""
"P2","cat.memory.umbrellaColors.story","Paper umbrellas made a bright patchwork overhead while your cat explored the quiet lane.","ร่มกระดาษเรียงเป็นลวดลายสดใสเหนือศีรษะ ขณะที่เจ้าแมวสำรวจตรอกอันเงียบสงบ","",""
"P2","cat.memory.riverPebble.title","A smooth river pebble","ก้อนกรวดริมแม่น้ำ","",""
"P2","cat.memory.riverPebble.story","Your cat chose a smooth jade-colored pebble where the river met the lantern light.","เจ้าแมวเลือกก้อนกรวดสีหยกผิวเรียบ ตรงจุดที่สายน้ำพบกับแสงโคม","",""
"P2","cat.memory.moonReflection.title","The reflected moon","เงาจันทร์ในน้ำ","",""
"P2","cat.memory.moonReflection.story","The moon wobbled in the water and became round again when the evening breeze settled.","พระจันทร์สั่นไหวอยู่บนผิวน้ำ แล้วกลับมากลมอีกครั้งเมื่อลมเย็นสงบลง","",""
"P2","cat.memory.fireflyPath.title","A firefly path","ทางแสงหิ่งห้อย","",""
"P2","cat.memory.fireflyPath.story","Three fireflies blinked beside the river, lighting a tiny path toward home.","หิ่งห้อยสามตัวกะพริบแสงข้างแม่น้ำ ส่องเป็นทางเล็ก ๆ ให้เจ้าแมวกลับบ้าน","",""
"P2","cat.memory.riversideCharm.title","A riverside charm","เครื่องรางริมแม่น้ำ","",""
"P2","cat.memory.riversideCharm.story","Under the curved bridge, your cat found a simple wooden charm polished smooth by the water.","ใต้สะพานโค้ง เจ้าแมวพบเครื่องรางไม้เรียบง่ายที่สายน้ำขัดจนผิวเนียน","",""
"P2","cat.memory.inkstoneLight.title","Light on the inkstone","แสงบนจานฝนหมึก","",""
"P2","cat.memory.inkstoneLight.story","Morning light crossed the inkstone while the pavilion grew quiet enough for careful study.","แสงยามเช้าพาดผ่านจานฝนหมึก ขณะที่ศาลาเงียบสงบพอสำหรับการเรียนอย่างตั้งใจ","",""
"P2","cat.memory.mountainCloud.title","A mountain cloud","เมฆเหนือภูเขา","",""
"P2","cat.memory.mountainCloud.story","A small cloud drifted below the scholar gate, making the pavilion feel high above the world.","เมฆก้อนเล็กลอยต่ำกว่าประตูบัณฑิต ทำให้ศาลาดูสูงเหนือโลกกว้าง","",""
"P2","cat.memory.scholarBookmark.title","A scholar's bookmark","ที่คั่นหนังสือของบัณฑิต","",""
"P2","cat.memory.scholarBookmark.story","Your cat found a plain green thread and tied it into a bookmark for the next chapter.","เจ้าแมวพบด้ายสีเขียวเรียบ ๆ แล้วผูกเป็นที่คั่นหนังสือสำหรับบทถัดไป","",""
"P2","cat.memory.scholarDesk.title","The quiet scholar desk","โต๊ะบัณฑิตอันเงียบสงบ","",""
"P2","cat.memory.scholarDesk.story","A clean desk, a closed book, and a patient morning waited together at the mountain pavilion.","โต๊ะสะอาด หนังสือที่ปิดไว้ และเช้าอันสงบ รออยู่ด้วยกันที่ศาลาบนเขา","",""
"P2","cat.announce.started","Your cat has set off on today's journey.","เจ้าแมวออกเดินทางของวันนี้แล้ว","",""
"P2","cat.announce.returned","New memory earned: {name}.","ได้รับความทรงจำใหม่: {name}","",""
"P2","cat.announce.background","Journey background changed.","เปลี่ยนฉากการเดินทางแล้ว","",""
"P2","shop.dailyCatEmpty","New cat rewards arrive in a future rotation.","รางวัลใหม่สำหรับเจ้าแมวจะมาในการหมุนเวียนครั้งถัดไป","",""
"P2","more.tagline","Lucky Cat HSK — learn the words that actually appear on the test","Lucky Cat HSK — เรียนคำศัพท์ที่ออกข้อสอบจริง","",""
"P2","more.learnHelp","Play & help","เล่นและความช่วยเหลือ","",""
"P2","more.settings","Settings","ตั้งค่า","",""
"P2","more.accountPrivacy","Account & privacy","บัญชีและความเป็นส่วนตัว","",""
"P2","more.version","Lucky Cat HSK · Version 0.2.0","Lucky Cat HSK · เวอร์ชัน 0.2.0","",""
"P2","street.title","Lucky Cat Street","ถนนนำโชค","",""
"P2","street.captionEmpty","Lucky Cat Street — grows as you learn · {next}","ถนนนำโชค — โตขึ้นเรื่อยๆ ตามที่คุณเรียน · {next}","",""
"P2","street.captionProgress","{unlocked}/{total} buildings · {next}","{unlocked}/{total} อาคาร · {next}","",""
"P2","street.captionNew","New on your street: {name}!","ของใหม่บนถนนของคุณ: {name}!","",""
"P2","street.next","Next: Lv {lv} — {name}","ถัดไป: Lv {lv} — {name}","",""
"P2","street.allUnlocked","All buildings unlocked!","ปลดล็อกอาคารครบทุกหลังแล้ว!","",""
"P2","street.questsBtn","Quests","ภารกิจ","",""
"P2","street.sceneLabel","Your panoramic Lucky Cat Street","ถนนนำโชคแบบพาโนรามาของคุณ","",""
"P2","street.previous","Previous street section","ส่วนก่อนหน้าของถนน","",""
"P2","street.nextSection","Next street section","ส่วนถัดไปของถนน","",""
"P2","street.decorate","Decorate","ตกแต่ง","",""
"P2","street.shop","Street Shop","ร้านค้าถนน","",""
"P2","street.charm","Street Charm","เสน่ห์ถนน","",""
"P2","street.collected","{owned}/{total} collected","สะสมแล้ว {owned}/{total}","",""
"P2","street.dreamGuide","✨ Tap a dream to preview it","✨ แตะของในฝันเพื่อดูตัวอย่าง","",""
"P2","street.dreamLabel","Preview dream decoration: {name}","ดูตัวอย่างของตกแต่งในฝัน: {name}","",""
"P2","street.rank.firstSteps","First footsteps","ก้าวแรก","",""
"P2","street.rank.cozyCorner","Cozy corner","มุมแสนอบอุ่น","",""
"P2","street.rank.lanternLane","Lantern lane","ตรอกโคมไฟ","",""
"P2","street.rank.marketGlow","Market glow","ตลาดเรืองแสง","",""
"P2","street.rank.festivalStreet","Festival street","ถนนเทศกาล","",""
"P2","street.rank.legendary","Legendary neighbourhood","ย่านในตำนาน","",""
"P2","street.undo","Undo","ย้อนกลับ","",""
"P2","street.storeItem","Store","เก็บ","",""
"P2","street.autoArrange","Auto","จัดอัตโนมัติ","",""
"P2","street.inventory","Inventory","คลังของ","",""
"P2","street.filterAll","All","ทั้งหมด","",""
"P2","street.filterStored","Stored","เก็บไว้","",""
"P2","street.filterPlaced","Placed","วางแล้ว","",""
"P2","street.backToShop","Back to shop","กลับร้านค้า","",""
"P2","street.welcomeRibbon","WELCOME","ยินดีต้อนรับ","",""
"P2","street.welcomeLantern","Welcome Lantern","โคมต้อนรับ","",""
"P2","street.welcomeDesc","Your first-session gift — choose a home for it.","ของขวัญจากการเล่นครั้งแรก — เลือกที่วางให้โคมนี้","",""
"P2","street.meta","{size} · {set} set · {behavior}","{size} · ชุด{set} · {behavior}","",""
"P2","street.size.small","Small","เล็ก","",""
"P2","street.size.medium","Medium","กลาง","",""
"P2","street.size.large","Large","ใหญ่","",""
"P2","street.size.gateway","Gateway","ซุ้มประตู","",""
"P2","street.set.market","Night Market","ตลาดกลางคืน","",""
"P2","street.set.garden","Garden","สวน","",""
"P2","street.set.festival","Festival","เทศกาล","",""
"P2","street.set.welcome","Welcome","ต้อนรับ","",""
"P2","street.behavior.light","glows when tapped","แตะแล้วเปล่งแสง","",""
"P2","street.behavior.food","serves a warm treat","เสิร์ฟของอร่อยอุ่น ๆ","",""
"P2","street.behavior.water","ripples when tapped","แตะแล้วเกิดระลอกน้ำ","",""
"P2","street.behavior.flutter","flutters in the breeze","พลิ้วไหวตามลม","",""
"P2","street.behavior.celebrate","celebrates when tapped","แตะแล้วฉลอง","",""
"P2","street.plotLabel","{size} plot. {item}","พื้นที่{size} {item}","",""
"P2","street.emptyPlot","Empty","ว่าง","",""
"P2","street.itemLabel","{name}, {stars}, placed on your street","{name} {stars} วางอยู่บนถนนของคุณ","",""
"P2","street.previewCaption","Previewing on your street — try another highlighted plot or star tier.","กำลังลองบนถนน — เลือกพื้นที่เรืองแสงหรือระดับดาวอื่นได้","",""
"P2","street.editCaption","{placed} placed · {stored} stored","วางแล้ว {placed} · เก็บไว้ {stored}","",""
"P2","street.captionReady","{buildings} landmarks unlocked. Decorate the street to make it yours.","ปลดล็อกจุดเด่นแล้ว {buildings} จุด ตกแต่งถนนในแบบของคุณ","",""
"P2","street.captionSummary","{placed} decorations · {stored} stored · {buildings} landmarks","ของตกแต่ง {placed} · เก็บไว้ {stored} · จุดเด่น {buildings}","",""
"P2","street.nameEdit","Name your street","ตั้งชื่อถนนของคุณ","",""
"P2","street.namePlaceholder","e.g. Sunny Lane","เช่น ถนนแสงตะวัน","",""
"P2","street.namedCaption","{name}","{name}","",""
"P2","street.coachPlace","You earned the {name}! Select a glowing plot to place it, or Skip for an automatic home.","คุณได้รับ{name}! เลือกพื้นที่เรืองแสงเพื่อวาง หรือกดข้ามให้จัดอัตโนมัติ","",""
"P2","street.coachSelect","Choose your Welcome Lantern, then select a glowing plot.","เลือกโคมต้อนรับ แล้วเลือกพื้นที่เรืองแสง","",""
"P2","street.skip","Skip","ข้าม","",""
"P2","street.placed","Placed","วางแล้ว","",""
"P2","street.stored","Stored","เก็บไว้","",""
"P2","street.inventoryEmpty","No decorations match this filter.","ไม่มีของตกแต่งในตัวกรองนี้","",""
"P2","street.noMove","That decoration needs a compatible empty plot.","ของชิ้นนี้ต้องมีพื้นที่ว่างขนาดพอดี","",""
"P2","street.placedAnnouncement","Placed {name}.","วาง{name}แล้ว","",""
"P2","street.storedAnnouncement","Moved {name} to storage.","ย้าย{name}ไปเก็บแล้ว","",""
"P2","street.undoAnnouncement","Undid the last street change.","ย้อนกลับการแก้ไขล่าสุดแล้ว","",""
"P2","street.autoAnnouncement","Stored decorations were arranged.","จัดของที่เก็บไว้ลงถนนแล้ว","",""
"P2","street.selectedAnnouncement","Selected {name}. {count} compatible plots available.","เลือก{name}แล้ว มีพื้นที่ที่ใช้ได้ {count} จุด","",""
"P2","street.savedAnnouncement","Your street was saved.","บันทึกถนนของคุณแล้ว","",""
"P2","street.purchaseAnnouncement","Bought {name}. It is ready to place.","ซื้อ{name}แล้ว พร้อมนำไปวาง","",""
"P2","street.upgradeAnnouncement","Upgraded {name} to {stars}.","อัปเกรด{name}เป็น {stars} แล้ว","",""
"P2","street.buyAndPlace","Buy ★ & place · {coins} coins","ซื้อ ★ และวาง · {coins} เหรียญ","",""
"P2","street.buyToInventory","Buy to inventory · {coins} coins","ซื้อเก็บเข้าคลัง · {coins} เหรียญ","",""
"P2","street.buyToInventoryHint","Move or store an item to place this.","ย้ายหรือเก็บของชิ้นอื่นก่อน แล้วค่อยวางชิ้นนี้","",""
"P2","street.placeIt","Place it","วางเลย","",""
"P2","street.notEnough","Not enough coins for that purchase.","เหรียญไม่พอสำหรับการซื้อนี้","",""
"P2","street.reserveToggle","Reserve coins for this build","กันเหรียญไว้สำหรับงานนี้","",""
"P2","street.reserveHint","Reserved coins stay set aside for your next build.","เหรียญที่กันไว้จะเก็บไว้สำหรับงานถัดไป","",""
"P2","street.reserveBlocked","Those coins are reserved for your build.","เหรียญนี้กันไว้สำหรับงานของคุณแล้ว","",""
"P2","street.projectEyebrow","Next street build","สิ่งที่จะสร้างบนถนนต่อไป","",""
"P2","street.projectProgress","{pct}% of price · {coins} coins to go","{pct}% ของราคา · เหลืออีก {coins} เหรียญ","",""
"P2","street.projectReady","Ready to build!","พร้อมสร้างแล้ว!","",""
"P2","street.projectReserved","Reserved while this is your project","กันไว้ให้ ระหว่างที่ยังเป็นงานถัดไปของคุณ","",""
"P2","street.makeProject","Set as my next build","ตั้งเป็นสิ่งที่จะสร้างต่อไป","",""
"P2","street.currentProject","Current next build","สิ่งที่กำลังจะสร้าง","",""
"P2","street.changeProject","Change","เปลี่ยน","",""
"P2","street.buildNow","Build now","สร้างเลย","",""
"P2","street.bricks","{n} 🧱","{n} 🧱","",""
"P2","street.build","Build · {cost} 🧱","สร้าง · {cost} 🧱","",""
"P2","street.opensAtLevel","Opens at level {lv}","เปิดที่เลเวล {lv}","",""
"P2","street.projectSelectedAnnouncement","{name} is now your next Street build.","ตั้ง{name}เป็นสิ่งที่จะสร้างบนถนนต่อไปแล้ว","",""
"P2","street.projectBlueprintLabel","{name} project blueprint, {pct}% of price reached","พิมพ์เขียวของ{name} ถึง {pct}% ของราคาแล้ว","",""
"P2","street.setComplete","{set} complete ✨","{set} ครบชุดแล้ว ✨","",""
"P2","street.collection","Collection","ของสะสม","",""
"P2","street.collectionSetHeader","{name} — {owned}/{total}","{name} — {owned}/{total}","",""
"P2","street.collectionComplete","Complete ✓","ครบแล้ว ✓","",""
"P2","street.collectionLocked","Not yet owned","ยังไม่มี","",""
"P2","street.collectionEmpty","No decorations to show yet.","ยังไม่มีของตกแต่งให้แสดง","",""
"P2","street.layouts","Layouts","แบบจัดวาง","",""
"P2","street.layoutSave","Save here","บันทึกที่นี่","",""
"P2","street.layoutLoad","Load","โหลด","",""
"P2","street.layoutSlot","Slot {n}","ช่อง {n}","",""
"P2","street.layoutOverwrite","Replace this saved layout?","แทนที่แบบจัดวางที่บันทึกไว้?","",""
"P2","street.layoutOverwriteYes","Replace","แทนที่","",""
"P2","street.layoutSavedAnnouncement","Saved to Slot {n}.","บันทึกลงช่อง {n} แล้ว","",""
"P2","street.layoutLoadedAnnouncement","Loaded Slot {n}.","โหลดช่อง {n} แล้ว","",""
"P2","street.keepsakes","Keepsakes","ของที่ระลึก","",""
"P2","street.keepsakeWelcome","Your first lantern","โคมไฟดวงแรกของคุณ","",""
"P2","street.keepsakeSet","{set} set completed","สะสมชุด {set} ครบแล้ว","",""
"P2","street.keepsakeDaily","A neighbour dropped by","เพื่อนบ้านแวะมา","",""
"P2","street.keepsakeWord","— you'd learned {word}","— คุณเรียน {word} แล้ว","",""
"P2","street.keepsakesEmpty","Keepsakes you earn will rest here.","ของที่ระลึกที่ได้จะอยู่ที่นี่","",""
"P2","street.dailyGreeting","A neighbour stopped by!","เพื่อนบ้านแวะมา!","",""
"P2","street.dailyGift","They left you {coins} coins.","ฝากเหรียญไว้ให้ {coins} เหรียญ","",""
"P2","street.neighbourMovedIn","{name} moved in! ✨","{name} ย้ายเข้ามาแล้ว! ✨","",""
"P2","street.neighbour.tiao","Tiao the courier","เตียวคนส่งของ","",""
"P2","street.neighbour.pang","Pang the shopkeeper","ปังเจ้าของร้าน","",""
"P2","street.neighbour.wen","Wen the tea-master","เวินผู้ชงชา","",""
"P2","street.keepsake.neighbour","A note from {name}","จดหมายจาก{name}","",""
"P2","journey.youAreHere","You are here","คุณอยู่ตรงนี้","",""
"P2","journey.nodeAll","HSK{lv} · All words","HSK{lv} · คำทั้งหมด","",""
"P2","journey.nodeTop","HSK{lv} · Top {n}","HSK{lv} · {n} คำแรก","",""
"P2","journey.play","Play","เล่น","",""
"P2","journey.recommended","Recommended next","แนะนำให้เล่นต่อ","",""
"P2","journey.review","Review","ทบทวน","",""
"P2","journey.continue","Continue","เล่นต่อ","",""
"P2","journey.start","Start","เริ่ม","",""
"P2","journey.levelProgress","{done} of {total} stops complete","ผ่านแล้ว {done} จาก {total} จุด","",""
"P2","progress.title","Profile","โปรไฟล์","",""
"P2","progress.needsWork","Needs work","ต้องฝึกเพิ่ม","",""
"P2","progress.reviewThese","Review these","ทบทวนคำเหล่านี้","",""
"P2","progress.practiceThese","Practice These","ฝึกคำเหล่านี้","",""
"P2","progress.nothing","Nothing needs work — go play!","ไม่มีคำที่ต้องฝึก — ไปเล่นกันเลย!","",""
"P2","profile.defaultName","Lucky Learner","นักเรียนแมวนำโชค","",""
"P2","profile.avatar","Profile picture for {name}","รูปโปรไฟล์ของ {name}","",""
"P2","profile.editName","Edit","แก้ไข","",""
"P2","profile.namePh","Player name","ชื่อผู้เล่น","",""
"P2","profile.saveName","Save","บันทึก","",""
"P2","profile.cancelName","Cancel","ยกเลิก","",""
"P2","profile.level","Lucky Cat · Lv {lv}","แมวนำโชค · Lv {lv}","",""
"P2","profile.xp","{into}/{need} XP toward the next level","{into}/{need} XP สู่เลเวลถัดไป","",""
"P2","profile.streak","{n}-day streak","เรียนต่อเนื่อง {n} วัน","",""
"P2","profile.coins","{n} coins","{n} เหรียญ","",""
"P2","profile.mastered","Words mastered","คำที่เชี่ยวชาญ","",""
"P2","profile.seen","Words seen","คำที่เคยเรียน","",""
"P2","profile.stickers","Stickers earned","สติกเกอร์ที่ได้รับ","",""
"P2","profile.bestSession","Best session","คะแนนรอบดีที่สุด","",""
"P2","profile.collectionTitle","Your collection","ของสะสมของคุณ","",""
"P2","profile.collectionCount","{owned}/{total} cosmetics","ของตกแต่ง {owned}/{total}","",""
"P2","profile.stickerCount","{earned}/{total} stickers","สติกเกอร์ {earned}/{total}","",""
"P2","profile.skin","Cat: {name}","แมว: {name}","",""
"P2","profile.backdrop","Backdrop: {name}","ฉากหลัง: {name}","",""
"P2","profile.defaultCat","Default Cat","แมวเริ่มต้น","",""
"P2","profile.defaultBackdrop","Default","ค่าเริ่มต้น","",""
"P2","profile.viewCollection","View Collection","ดูของสะสม","",""
"P2","profile.viewAlbum","Sticker Album","อัลบั้มสติกเกอร์","",""
"P2","profile.tabOverview","Overview","ภาพรวม","",""
"P2","profile.tabProgress","Progress","ความคืบหน้า","",""
"P2","profile.tabCollection","Collection","ของสะสม","",""
"P2","profile.emptyTitle","Your journey starts here","เส้นทางของคุณเริ่มที่นี่","",""
"P2","profile.emptyBody","Finish one short Word Quest to begin your progress, streak, and collection.","เล่นภารกิจคำศัพท์สั้น ๆ หนึ่งรอบ เพื่อเริ่มบันทึกความคืบหน้า การเรียนต่อเนื่อง และของสะสม","",""
"P2","profile.emptyCta","Start first quest","เริ่มภารกิจแรก","",""
"P2","profile.learningTitle","Learning progress","ความคืบหน้าการเรียน","",""
"P2","progress.album","Sticker Album","อัลบั้มสติกเกอร์","",""
"P2","album.title","Sticker Album","อัลบั้มสติกเกอร์","",""
"P2","album.back","← Profile","← โปรไฟล์","",""
"P2","album.events","Events","อีเวนต์","",""
"P2","album.progress","{earned} of {total} stickers earned","ได้รับสติกเกอร์ {earned} จาก {total} ชิ้น","",""
"P2","album.nextTarget","Next: {name}","ชิ้นต่อไป: {name}","",""
"P2","album.complete","Album complete — every sticker is yours!","อัลบั้มครบแล้ว — สติกเกอร์ทุกชิ้นเป็นของคุณ!","",""
"P2","album.filterNext","Up next","เป้าหมายต่อไป","",""
"P2","album.filterEarned","Earned","ได้รับแล้ว","",""
"P2","album.upNext","Up next","เป้าหมายต่อไป","",""
"P2","album.emptyEarned","No stickers earned yet. Finish a Word Quest to collect your first one.","ยังไม่ได้รับสติกเกอร์ เล่นภารกิจคำศัพท์ให้จบเพื่อรับชิ้นแรก","",""
"P2","sticker.scopeName","HSK{lv} · Top {n}","HSK{lv} · Top {n}","",""
"P2","sticker.scopeHint","Master all Top {n} words of HSK{lv}","เชี่ยวชาญคำศัพท์ Top {n} ของ HSK{lv} ให้ครบ","",""
"P2","sticker.msName","HSK{lv} · {pct}%","HSK{lv} · {pct}%","",""
"P2","sticker.msHint","Master {pct}% of HSK{lv}","เชี่ยวชาญ {pct}% ของ HSK{lv}","",""
"P2","sticker.welcomeName","Welcome!","ยินดีต้อนรับ!","",""
"P2","sticker.welcomeHint","Finish your first session","เล่นจบรอบแรก","",""
"P2","sticker.bossName","Challenge Champion","แชมป์ด่านทบทวน","",""
"P2","sticker.bossHint","Complete your first Review Challenge","ผ่านด่านทบทวนครั้งแรก","",""
"P2","sticker.streak7Name","7-Day Streak","เรียนต่อเนื่อง 7 วัน","",""
"P2","sticker.streak7Hint","Keep a 7-day study streak","รักษาการเรียนต่อเนื่อง 7 วัน","",""
"P2","sticker.streak30Name","30-Day Streak","เรียนต่อเนื่อง 30 วัน","",""
"P2","sticker.streak30Hint","Keep a 30-day study streak","รักษาการเรียนต่อเนื่อง 30 วัน","",""
"P2","sticker.monthlyName","Monthly Champion","แชมป์รายเดือน","",""
"P2","sticker.monthlyHint","Finish 40 quests in a month","ทำภารกิจสำเร็จ 40 ครั้งในหนึ่งเดือน","",""
"P2","shop.title","Shop","ร้านค้า","",""
"P2","shop.skins","Cat skins","สกินแมว","",""
"P2","shop.backdrops","Quest backdrops","ฉากหลัง","",""
"P2","shop.effects","Effects","เอฟเฟกต์","",""
"P2","shop.sounds","Sounds","เสียง","",""
"P2","shop.supplies","Supplies","ของใช้","",""
"P2","shop.street","Street decorations","ของตกแต่งถนน","",""
"P2","shop.categoryFeatured","Featured","แนะนำ","",""
"P2","shop.categoryCats","Cats","แมว","",""
"P2","shop.categoryBackdrops","Backdrops","ฉากหลัง","",""
"P2","shop.categoryEffects","Effects","เอฟเฟกต์","",""
"P2","shop.categorySounds","Sounds","เสียง","",""
"P2","shop.categorySupplies","Supplies","ของใช้","",""
"P2","shop.needMore","Need {n} more coins","ต้องการอีก {n} เหรียญ","",""
"P2","shop.streetAvailable","Available for your street","ของที่ใช้บนถนนได้","",""
"P2","shop.streetFocusTitle","Build your street","สร้างถนนของคุณ","",""
"P2","shop.streetFocusNote","Preview every decoration in your own street before spending coins.","ลองดูของตกแต่งบนถนนจริงก่อนใช้เหรียญ","",""
"P2","shop.viewStreet","View my street","ดูถนนของฉัน","",""
"P2","shop.preview","Preview","ลองดู","",""
"P2","shop.previewItem","Preview {name} on your street","ลองดู{name}บนถนนของคุณ","",""
"P2","shop.wallet","Wallet: <b>{coins}</b> coins","กระเป๋าเงิน: <b>{coins}</b> เหรียญ","",""
"P2","shop.buy","Buy","ซื้อ","",""
"P2","shop.equip","Equip","ใช้งาน","",""
"P2","shop.equipped","Equipped","ใช้งานอยู่","",""
"P2","shop.coins","{coins} coins","{coins} เหรียญ","",""
"P2","shop.daily","Today's Stock","สินค้าวันนี้","",""
"P2","shop.dailyNote","New stock at midnight","อัปเดตสินค้าใหม่ตอนเที่ยงคืน","",""
"P2","shop.dailyAllOwned","All stocked up! Fresh finds at midnight 🌙","มีครบทุกชิ้นแล้ว! ของใหม่มาตอนเที่ยงคืน 🌙","",""
"P2","shop.season","Season Corner","มุมเทศกาล","",""
"P2","shop.seasonUntil","Available until {date}","มีถึง {date}","",""
"P2","shop.seasonReturns","🏮 {name} set returns {date}","🏮 ชุด {name} จะกลับมา {date}","",""
"P2","shop.upgrade","Upgrade {stars} ({coins})","อัปเกรด {stars} ({coins})","",""
"P2","shop.owned-count","Owned: {n}/{cap}","มีอยู่: {n}/{cap}","",""
"P2","shop.maxed","★★★","★★★","",""
"P2","season.summer","Summer","ฤดูร้อน","",""
"P2","season.midautumn","Mid-Autumn","ไหว้พระจันทร์","",""
"P2","season.cny","Lunar New Year","ตรุษจีน","",""
"P2","item.market","Night Market","ตลาดกลางคืน","",""
"P2","item.temple","Temple Dawn","วัดยามรุ่งอรุณ","",""
"P2","item.bamboo","Bamboo","ไผ่","",""
"P2","item.sakura-fx","Sakura Petals","กลีบซากุระ","",""
"P2","item.firecracker-fx","Firecrackers","ประทัด","",""
"P2","item.bells","Temple Bells","ระฆังวัด","",""
"P2","item.arcade","Arcade","อาร์เคด","",""
"P2","item.red-lantern","Red Lantern","โคมแดง","",""
"P2","item.red-lantern.desc","A warm lantern that glows when you tap it.","โคมไฟอบอุ่นที่เปล่งแสงเมื่อแตะ","",""
"P2","item.noodle-stall","Noodle Stall","แผงก๋วยเตี๋ยว","",""
"P2","item.noodle-stall.desc","A lively street kitchen with a curl of steam.","ครัวริมทางคึกคักพร้อมไอร้อนลอยกรุ่น","",""
"P2","item.tea-sign","Tea Sign","ป้ายชา","",""
"P2","item.tea-sign.desc","A welcoming tea-house sign with a soft glow.","ป้ายร้านชาที่ต้อนรับด้วยแสงนุ่ม ๆ","",""
"P2","item.foo-dog","Foo Dog","สิงโตหิน","",""
"P2","item.foo-dog.desc","A tiny guardian that sparkles in celebration.","ผู้พิทักษ์ตัวจิ๋วที่เปล่งประกายเมื่อฉลอง","",""
"P2","item.golden-arch","Golden Arch","ซุ้มประตูทอง","",""
"P2","item.golden-arch.desc","A grand golden gateway for the street entrance.","ซุ้มประตูทองอันสง่างามสำหรับทางเข้าถนน","",""
"P2","item.streak-freeze","Streak Freeze","น้ำแข็งกันหลุด","",""
"P2","item.streak-freeze.desc","Covers a missed day — your streak survives","ชดเชยวันที่ขาด — สถิติเรียนต่อเนื่องยังอยู่","",""
"P2","item.panda","Panda","แพนด้า","",""
"P2","item.ninja","Ninja","นินจา","",""
"P2","item.astronaut","Astronaut","นักบินอวกาศ","",""
"P2","item.harbor-night","Harbor Night","ท่าเรือยามค่ำคืน","",""
"P2","item.snow-festival","Snow Festival","เทศกาลหิมะ","",""
"P2","item.mahjong-table","Mahjong Table","โต๊ะไพ่นกกระจอก","",""
"P2","item.mahjong-table.desc","A social game table ready for a winning hand.","โต๊ะเกมสังสรรค์พร้อมลุ้นไพ่ชุดชนะ","",""
"P2","item.koi-pond","Koi Pond","บ่อปลาคาร์ป","",""
"P2","item.koi-pond.desc","A calm garden pond with tappable ripples.","บ่อสวนแสนสงบที่แตะให้เกิดระลอกน้ำได้","",""
"P2","item.drum-tower","Drum Tower","หอกลอง","",""
"P2","item.drum-tower.desc","A festival landmark that celebrates with stars.","จุดเด่นประจำเทศกาลที่ฉลองด้วยดวงดาว","",""
"P2","item.bubble-tea","Bubble Tea Stand","ร้านชานมไข่มุก","",""
"P2","item.bubble-tea.desc","A cheerful drink stand for the market lane.","ร้านเครื่องดื่มสดใสสำหรับย่านตลาด","",""
"P2","item.paper-umbrella","Paper Umbrella","ร่มกระดาษ","",""
"P2","item.paper-umbrella.desc","A painted umbrella that flutters in the breeze.","ร่มลายวาดที่พลิ้วไหวตามสายลม","",""
"P2","item.goldfish-banner","Goldfish Banner","ธงปลาทอง","",""
"P2","item.goldfish-banner.desc","A lucky banner made to dance in the wind.","ธงนำโชคที่เต้นไปกับสายลม","",""
"P2","item.neon-cat-sign","Neon Cat Sign","ป้ายไฟแมวนีออน","",""
"P2","item.neon-cat-sign.desc","A bright cat sign that lights up the night.","ป้ายแมวสว่างไสวที่ทำให้ค่ำคืนมีสีสัน","",""
"P2","item.lion-drum","Lion Dance Drum","กลองเชิดสิงโต","",""
"P2","item.star-shower","Star Shower","ฝนดาว","",""
"P2","item.beach","Beach Cat","แมวชายหาด","",""
"P2","item.island-sunset","Island Sunset","พระอาทิตย์ตกที่เกาะ","",""
"P2","item.shaved-ice-cart","Shaved-Ice Cart","รถเข็นน้ำแข็งไส","",""
"P2","item.shaved-ice-cart.desc","A cool summer cart serving colorful treats.","รถเข็นเย็นฉ่ำรับหน้าร้อน เสิร์ฟของหวานสีสันสดใส","",""
"P2","item.mooncake-rabbit","Mooncake Rabbit","กระต่ายขนมไหว้พระจันทร์","",""
"P2","item.lantern-festival","Lantern Festival","เทศกาลโคมไฟ","",""
"P2","item.mooncake-stall","Mooncake Stall","แผงขนมไหว้พระจันทร์","",""
"P2","item.mooncake-stall.desc","A moonlit festival stall stacked with mooncakes.","แผงเทศกาลใต้แสงจันทร์ที่เต็มไปด้วยขนม","",""
"P2","item.dragon","Dragon","มังกร","",""
"P2","item.dragon-gate","Dragon Gate","ประตูมังกร","",""
"P2","item.firecracker-arch","Firecracker Arch","ซุ้มประทัด","",""
"P2","item.firecracker-arch.desc","A brilliant red gateway built for celebrations.","ซุ้มประตูสีแดงสดใสที่สร้างมาเพื่อการฉลอง","",""
"P2","building.lantern-post","Lantern Post","เสาโคมไฟ","",""
"P2","building.coin-bank","Coin Bank","ธนาคารเหรียญ","",""
"P2","building.tailor","Tailor Shop","ร้านตัดเสื้อ","",""
"P2","building.kitten-cafe","Kitten Café","คาเฟ่ลูกแมว","",""
"P2","building.emperor-gate","Emperor's Gate","ประตูจักรพรรดิ","",""
"P3","home.smart","Smart Review","ทบทวนแบบอัจฉริยะ","",""
"P3","home.flashcards","Flashcards","บัตรคำ","",""
"P3","home.tones","Tone Trainer","ฝึกวรรณยุกต์","",""
"P3","home.tonesDisabledHint","Needs sound","ต้องเปิดเสียง","",""
"P3","home.shop","Shop","ร้านค้า","",""
"P3","home.best","Best Sessions","สถิติดีที่สุด","",""
"P3","home.progress","Progress","ความคืบหน้า","",""
"P3","home.howto","How to play","วิธีเล่น","",""
"P3","home.sound","Sound effects","เสียงประกอบ","",""
"P3","home.settings","Settings","ตั้งค่า","",""
"P3","home.streakTitle","Study Streak","เรียนต่อเนื่อง","",""
"P3","home.streakDays","{n} days","{n} วัน","",""
"P3","home.freezes","{n} freezes","น้ำแข็ง {n} ชิ้น","",""
"P3","home.freeze-one","1 freeze","น้ำแข็ง 1 ชิ้น","",""
"P3","home.start","START","เริ่มเลย","",""
"P3","home.startReview","REVIEW {n} DUE WORDS","ถึงเวลาทบทวน {n} คำ","",""
"P3","home.startHint","Need at least 8 words in scope to start — widen it below.","ต้องมีอย่างน้อย 8 คำในขอบเขตถึงจะเริ่มได้ — ขยายขอบเขตด้านล่างได้เลย","",""
"P3","home.scopeWords","{n} words","{n} คำ","",""
"P3","home.levelChip","Lv {lv}","Lv {lv}","",""
"P3","home.nextReview","{n} words are due — Smart Review is ready.","มีคำที่ถึงเวลาทบทวน {n} คำ — ทบทวนอัจฉริยะพร้อมแล้ว","",""
"P3","home.nextQuest","Next: a {n}-word Lantern Trail quest.","ต่อไป: ภารกิจเส้นทางโคมไฟ {n} คำ","",""
"P3","growth.title","Lucky Cat · Lv {lv}","แมวนำโชค · Lv {lv}","",""
"P3","growth.allUnlocked","All milestones unlocked!","ปลดล็อกครบทุกเป้าหมายแล้ว!","",""
"P3","common.playAudio","Play audio","เล่นเสียง","",""
"P3","common.close","Close","ปิด","",""
"P3","common.continue","Continue","ไปต่อ","",""
"P3","notify.cat.title","Your Lucky Cat is back","เจ้าแมวนำโชคกลับมาแล้ว","",""
"P3","notify.cat.body","A new journey memory is ready to keep.","ความทรงจำใหม่จากการเดินทางพร้อมให้คุณเก็บแล้ว","",""
"P3","home.cat.progress","Cat Journey · {done}/{goal} words","การเดินทางของเจ้าแมว · {done}/{goal} คำ","",""
"P3","home.cat.ready","Your cat is ready to explore","เจ้าแมวพร้อมออกสำรวจแล้ว","",""
"P3","home.cat.exploring","Cat exploring · about {n} min","เจ้าแมวกำลังสำรวจ · ประมาณ {n} นาที","",""
"P3","home.cat.returned","Welcome back · a memory is ready","ยินดีต้อนรับกลับ · ความทรงจำพร้อมแล้ว","",""
"P3","wd.info","Word detail","รายละเอียดคำ","",""
"P3","wd.core","Core","หลัก","",""
"P3","wd.extended","Extended","เพิ่มเติม","",""
"P3","wd.appearsInPapers","Appears in {n} of {total} papers","พบใน {n} จาก {total} ชุดข้อสอบ","",""
"P3","wd.alsoInHsk3","Also in HSK 3.0 · Band {band}","มีใน HSK 3.0 · ระดับ {band}","",""
"P3","scores.title","Best Sessions","สถิติดีที่สุด","",""
"P3","scores.empty","No sessions yet — complete a Word Quest.","ยังไม่มีสถิติ — เล่นภารกิจคำศัพท์ก่อน","",""
"P3","scores.play","Play your first Word Quest","เล่นภารกิจคำศัพท์ครั้งแรก","",""
"P3","friend.compareCta","Compare with a friend","เทียบกับเพื่อน","",""
"P3","friend.title","Compare with a friend","เทียบกับเพื่อน","",""
"P3","friend.yourCode","Your code — share it","รหัสของคุณ — แชร์เลย","",""
"P3","friend.share","Share my code","แชร์รหัสของฉัน","",""
"P3","friend.shareText","Compare our Lucky Cat HSK progress!","มาเทียบความคืบหน้า Lucky Cat HSK กัน!","",""
"P3","friend.pasteLabel","Have a friend's code?","มีรหัสของเพื่อนไหม?","",""
"P3","friend.pastePlaceholder","Paste their code here","วางรหัสของเพื่อนที่นี่","",""
"P3","friend.compareBtn","Compare","เทียบ","",""
"P3","friend.compareAnother","Compare another","เทียบคนอื่น","",""
"P3","friend.invalidCode","That code doesn't look right. Ask for a fresh one.","รหัสนี้ดูไม่ถูกต้อง ขอรหัสใหม่จากเพื่อน","",""
"P3","friend.copied","Code copied to clipboard","คัดลอกรหัสแล้ว","",""
"P3","friend.you","You","คุณ","",""
"P3","friend.them","Friend","เพื่อน","",""
"P3","friend.leadMine","You're ahead! 🎉","คุณนำอยู่! 🎉","",""
"P3","friend.leadTheirs","Your friend is ahead — catch up!","เพื่อนนำอยู่ — ตามให้ทัน!","",""
"P3","friend.leadTie","Neck and neck!","สูสีกันมาก!","",""
"P3","friend.metric.level","Level","เลเวล","",""
"P3","friend.metric.streak","Day streak","เรียนต่อเนื่อง (วัน)","",""
"P3","friend.metric.mastered","Words mastered","คำที่เชี่ยวชาญ","",""
"P3","friend.metric.stickers","Stickers earned","สติกเกอร์ที่ได้รับ","",""
"P3","common.backProfile","← Profile","← โปรไฟล์","",""
"P3","settings.sfxVol","SFX volume","ระดับเสียงเอฟเฟกต์","",""
"P3","settings.voiceVol","Pronunciation","ระดับเสียงอ่าน","",""
"P3","settings.analytics","Share anonymous usage data","แชร์ข้อมูลการใช้งานแบบไม่ระบุตัวตน","",""
"P3","settings.analyticsHint","Helps improve the game. No personal info, no word history. Off by default.","ช่วยพัฒนาเกม ไม่มีข้อมูลส่วนตัว ไม่มีประวัติคำศัพท์ ปิดไว้เป็นค่าเริ่มต้น","",""
"P3","settings.privacy","Privacy Policy","นโยบายความเป็นส่วนตัว","",""
"P3","common.back","← Home","← หน้าหลัก","",""
"P3","common.backMore","← More","← เพิ่มเติม","",""
"P3","common.backStreet","← Street","← ถนน","",""
"P3","common.cancel","Cancel","ยกเลิก","",""
"P3","common.done","Done","เสร็จ","",""
"P3","common.language","Language","ภาษา","",""
