shard,hanzi,th_current,th_fixed,reason
rw-3,门票,ตั๋วเข้าราคาเท่าไหร่,ตั๋วเข้าราคาเท่าไหร่?,แหล่งที่มาเป็นประโยคคำถาม (？) — สไตล์ไกด์ให้คง ？→? ไว้ แต่ร่างนี้ตัดเครื่องหมายทิ้ง
rw-3,哪些,คุณชอบผลไม้ชนิดไหนบ้าง,คุณชอบผลไม้ชนิดไหนบ้าง?,แหล่งที่มาเป็นประโยคคำถาม (？) — สไตล์ไกด์ให้คง ？→? ไว้ แต่ร่างนี้ตัดเครื่องหมายทิ้ง
rw-3,那么,ทำไมอากาศถึงหนาวขนาดนั้น,ทำไมอากาศถึงหนาวขนาดนั้น?,แหล่งที่มาเป็นประโยคคำถาม (？) — สไตล์ไกด์ให้คง ？→? ไว้ แต่ร่างนี้ตัดเครื่องหมายทิ้ง
rw-3,你家,บ้านคุณอยู่ที่ไหน,บ้านคุณอยู่ที่ไหน?,แหล่งที่มาเป็นประโยคคำถาม (？) — สไตล์ไกด์ให้คง ？→? ไว้ แต่ร่างนี้ตัดเครื่องหมายทิ้ง
rw-3,您好,สวัสดี ขอถามหน่อยไปทางไหน,สวัสดี ขอถามหน่อยไปทางไหน?,แหล่งที่มาเป็นประโยคคำถาม (？) — สไตล์ไกด์ให้คง ？→? ไว้ แต่ร่างนี้ตัดเครื่องหมายทิ้ง
rw-3,请问,ขอถามหน่อยห้องน้ำอยู่ที่ไหน,ขอถามหน่อยห้องน้ำอยู่ที่ไหน?,แหล่งที่มาเป็นประโยคคำถาม (？) — สไตล์ไกด์ให้คง ？→? ไว้ แต่ร่างนี้ตัดเครื่องหมายทิ้ง
rw-3,起飞,เครื่องบินกำลังจะออกเดินทางแล้ว,เครื่องบินกำลังจะขึ้นบินแล้ว,起飞='take off'; ออกเดินทาง='ออกเดินทาง/depart' ทำให้คำเป้าหมายหายไป — ขึ้นบิน คือ take off
rw-4,什么样,คุณอยากได้โทรศัพท์แบบไหน,คุณอยากได้โทรศัพท์แบบไหน?,แหล่งที่มาเป็นประโยคคำถาม (？) — สไตล์ไกด์ให้คง ？→? ไว้ แต่ร่างนี้ตัดเครื่องหมายทิ้ง
rw-4,是不是,คุณเป็นนักเรียนใช่ไหม,คุณเป็นนักเรียนใช่ไหม?,แหล่งที่มาเป็นประโยคคำถาม (？) — สไตล์ไกด์ให้คง ？→? ไว้ แต่ร่างนี้ตัดเครื่องหมายทิ้ง
rw-4,为什么,ทำไมคุณถึงไม่มีความสุข,ทำไมคุณถึงไม่มีความสุข?,แหล่งที่มาเป็นประโยคคำถาม (？) — สไตล์ไกด์ให้คง ？→? ไว้ แต่ร่างนี้ตัดเครื่องหมายทิ้ง
rw-4,洗手间,ห้องน้ำอยู่ที่ไหน,ห้องน้ำอยู่ที่ไหน?,แหล่งที่มาเป็นประโยคคำถาม (？) — สไตล์ไกด์ให้คง ？→? ไว้ แต่ร่างนี้ตัดเครื่องหมายทิ้ง
rw-4,太好了,เยี่ยมเลย เราชนะแล้ว,เยี่ยมเลย เราชนะแล้ว!,แหล่งที่มาเป็นประโยคอุทาน (！) — สไตล์ไกด์ให้คง ! ไว้ แต่ร่างนี้ตัดเครื่องหมายทิ้ง
rw-4,书桌下,แมวหลบอยู่ใต้โต๊ะหนังสือ,แมวหลบอยู่ใต้โต๊ะเขียนหนังสือ,书桌='desk'; โต๊ะหนังสือ ไม่ใช่คำไทยที่ใช้จริงสำหรับโต๊ะเขียนหนังสือ — ใช้ โต๊ะเขียนหนังสือ
rw-5,一共,ของพวกนี้รวมทั้งหมดราคาเท่าไหร่,ของพวกนี้รวมทั้งหมดราคาเท่าไหร่?,แหล่งที่มาเป็นประโยคคำถาม (？) — สไตล์ไกด์ให้คง ？→? ไว้ แต่ร่างนี้ตัดเครื่องหมายทิ้ง
rw-5,饮料,คุณอยากดื่มเครื่องดื่มอะไร,คุณอยากดื่มเครื่องดื่มอะไร?,แหล่งที่มาเป็นประโยคคำถาม (？) — สไตล์ไกด์ให้คง ？→? ไว้ แต่ร่างนี้ตัดเครื่องหมายทิ้ง
rw-5,有没有,คุณมีเวลาไหม,คุณมีเวลาไหม?,แหล่งที่มาเป็นประโยคคำถาม (？) — สไตล์ไกด์ให้คง ？→? ไว้ แต่ร่างนี้ตัดเครื่องหมายทิ้ง
rw-5,再慢,คุณช้าลงอีกหน่อยได้ไหม,คุณช้าลงอีกหน่อยได้ไหม?,แหล่งที่มาเป็นประโยคคำถาม (？) — สไตล์ไกด์ให้คง ？→? ไว้ แต่ร่างนี้ตัดเครื่องหมายทิ้ง
rw-5,怎么办,เรื่องนี้จะทำอย่างไรดี,เรื่องนี้จะทำอย่างไรดี?,แหล่งที่มาเป็นประโยคคำถาม (？) — สไตล์ไกด์ให้คง ？→? ไว้ แต่ร่างนี้ตัดเครื่องหมายทิ้ง
rw-5,怎样,คุณคิดว่าอย่างไรบ้าง,คุณคิดว่าอย่างไรบ้าง?,แหล่งที่มาเป็นประโยคคำถาม (？) — สไตล์ไกด์ให้คง ？→? ไว้ แต่ร่างนี้ตัดเครื่องหมายทิ้ง
rw-5,怎样才能,ทำอย่างไรถึงจะเรียนภาษาจีนได้ดี,ทำอย่างไรถึงจะเรียนภาษาจีนได้ดี?,แหล่งที่มาเป็นประโยคคำถาม (？) — สไตล์ไกด์ให้คง ？→? ไว้ แต่ร่างนี้ตัดเครื่องหมายทิ้ง
rw-5,这么晚,ทำไมคุณกลับมาดึกขนาดนี้,ทำไมคุณกลับมาดึกขนาดนี้?,แหล่งที่มาเป็นประโยคคำถาม (？) — สไตล์ไกด์ให้คง ？→? ไว้ แต่ร่างนี้ตัดเครื่องหมายทิ้ง
rw-5,这段话,ข้อความช่วงนี้สำคัญมาก,ข้อความนี้สำคัญมาก,这段话='this passage'; ข้อความช่วงนี้ อ่านได้ว่า 'ช่วงเวลานี้' กำกวม — ข้อความนี้ ชัดกว่า
rw-5,影响,สภาพอากาศส่งผลกระทบต่อแผนของเรา,อากาศมีผลต่อแผนของเรา,ส่งผลกระทบต่อ เป็นทะเบียนข่าว/ทางการ; เสียงแมวเป็นกันเองตามไกด์ — อากาศมีผลต่อ เป็นภาษาพูด
